NAME_0,NAME_1,Average_UNSATISFIED_DAYS
Afghanistan,Badakhshan,0.01754386
Afghanistan,Badghis,89.39474
Afghanistan,Baghlan,51.008774
Afghanistan,Balkh,8.473684
Afghanistan,Daykundi,10.513158
Afghanistan,Farah,57.56316
Afghanistan,Faryab,77.72369
Afghanistan,Ghazni,45.07895
Afghanistan,Ghor,27.473684
Afghanistan,Hilmand,29.348684
Afghanistan,Hirat,87.08948
Afghanistan,Jawzjan,11.157895
Afghanistan,Kandahar,14.494738
Afghanistan,Khost,63.42105
Afghanistan,Kunduz,4.6578946
Afghanistan,Nangarhar,35.31579
Afghanistan,Nimroz,18.192984
Afghanistan,Nuristan,19.421053
Afghanistan,Paktika,11.894737
Afghanistan,Samangan,10.973684
Afghanistan,Sari Pul,52.671055
Afghanistan,Takhar,20.052631
Afghanistan,Uruzgan,20.947369
Afghanistan,Wardak,58.36842
Afghanistan,Zabul,4.131579
Aksai Chin,Xinjiang Uygur,0.0
Albania,Elbasan,0.6052632
Albania,Shkodër,1.7105263
Albania,Vlorë,1.1052631
Algeria,Adrar,0.0
Algeria,Aïn Defla,63.657894
Algeria,Aïn Témouchent,25.68421
Algeria,Batna,0.0
Algeria,Biskra,55.657894
Algeria,Bordj Bou Arréridj,5.9736843
Algeria,Bouira,61.605263
Algeria,Béchar,0.13360323
Algeria,Chlef,89.47369
Algeria,Djelfa,0.078947365
Algeria,El Bayadh,0.21929824
Algeria,El Oued,0.026315788
Algeria,Ghardaïa,0.0
Algeria,Guelma,0.68421054
Algeria,Illizi,0.0
Algeria,Laghouat,1.7105262
Algeria,M'Sila,8.342105
Algeria,Mascara,83.5
Algeria,Mila,0.0
Algeria,Naâma,0.0
Algeria,Ouargla,0.0
Algeria,Tamanghasset,0.10240275
Algeria,Tiaret,35.25
Algeria,Tindouf,0.0
Algeria,Tlemcen,39.81579
Algeria,Tébessa,0.0
Angola,Bengo,0.0
Angola,Benguela,1.3026316
Angola,Bié,0.0
Angola,Cabinda,0.0
Angola,Cuando Cubango,0.0
Angola,Cuanza Norte,0.0
Angola,Cuanza Sul,0.0
Angola,Cunene,0.0
Angola,Huambo,0.0
Angola,Huíla,0.0
Angola,Lunda Norte,0.0
Angola,Lunda Sul,0.0
Angola,Malanje,0.0
Angola,Moxico,0.0
Angola,Namibe,0.0
Angola,Uíge,0.0
Angola,Zaire,0.0
Antarctica,,0.0
Argentina,Buenos Aires,0.0
Argentina,Catamarca,2.2932332
Argentina,Chaco,0.0
Argentina,Chubut,0.0
Argentina,Corrientes,0.0
Argentina,Córdoba,2.8721805
Argentina,Entre Ríos,0.0
Argentina,Formosa,0.0
Argentina,Jujuy,4.4649124
Argentina,La Pampa,0.0
Argentina,La Rioja,0.83082706
Argentina,Mendoza,10.121458
Argentina,Misiones,0.0
Argentina,Neuquén,0.0
Argentina,Río Negro,0.0
Argentina,Salta,0.06390978
Argentina,San Juan,11.171053
Argentina,San Luis,0.05263158
Argentina,Santa Cruz,0.0
Argentina,Santa Fe,0.0
Argentina,Santiago del Estero,1.1148325
Argentina,Tierra del Fuego,0.0
Argentina,Tucumán,21.5
Armenia,Ararat,13.052631
Armenia,Shirak,8.921053
Armenia,Syunik,14.157895
Armenia,Tavush,0.0
Arunachal Pradesh,Arunachal Pradesh,0.0
Australia,New South Wales,0.6331739
Australia,Northern Territory,0.0
Australia,Queensland,0.21356274
Australia,South Australia,0.0
Australia,Tasmania,0.0
Australia,Victoria,2.1131577
Australia,Western Australia,0.0
Austria,Kärnten,0.0
Austria,Niederösterreich,0.0
Austria,Oberösterreich,0.0
Austria,Steiermark,0.0
Austria,Tirol,0.0
Azad Kashmir,Azad Kashmir,0.3026316
Azad Kashmir,Gilgit-Baltistan,0.0
Azerbaijan,Aran,1.6052632
Azerbaijan,Ganja-Qazakh,0.0
Azerbaijan,Kalbajar-Lachin,14.342105
Azerbaijan,Lankaran,1.1052631
Azerbaijan,Quba-Khachmaz,48.105263
Azerbaijan,Shaki-Zaqatala,0.05263158
Bahamas,Crooked Island,
Bahamas,Long Island,
Bahamas,North Abaco,
Bangladesh,Barisal,0.0
Bangladesh,Chittagong,0.0
Bangladesh,Dhaka,0.0
Bangladesh,Khulna,1.0526316
Bangladesh,Mymensingh,0.0
Bangladesh,Rajshahi,4.1842103
Bangladesh,Rangpur,8.5
Bangladesh,Sylhet,0.13157895
Belarus,Brest,0.0
Belarus,Gomel,0.0
Belarus,Grodno,0.0
Belarus,Minsk,0.0
Belarus,Mogilev,0.0
Belarus,Vitebsk,0.0
Belgium,Vlaanderen,0.0
Belgium,Wallonie,0.0
Belize,Orange Walk,0.0
Belize,Toledo,0.0
Benin,Alibori,0.0
Benin,Atakora,0.0
Benin,Borgou,0.0
Benin,Collines,0.0
Benin,Zou,0.0
Bhutan,Dagana,0.0
Bhutan,Lhuentse,0.0
Bhutan,Pema Gatshel,0.0
Bhutan,Punakha,0.0
Bolivia,Beni,0.0
Bolivia,Chuquisaca,0.0
Bolivia,Cochabamba,0.0
Bolivia,La Paz,0.0
Bolivia,Oruro,0.0
Bolivia,Pando,0.0
Bolivia,Potosí,0.0
Bolivia,Santa Cruz,0.0
Bolivia,Tarija,0.0
Bosnia and Herzegovina,Brčko,0.0
Bosnia and Herzegovina,Federacija Bosna i Hercegovina,0.0
Bosnia and Herzegovina,Repuplika Srpska,0.0
Botswana,Central,0.0
Botswana,Chobe,0.0
Botswana,Ghanzi,0.0
Botswana,Kgalagadi,0.0
Botswana,Kgatleng,0.0
Botswana,Kweneng,0.0
Botswana,North-East,0.0
Botswana,North-West,0.0
Botswana,Southern,0.0
Brazil,Acre,0.0
Brazil,Alagoas,0.0
Brazil,Amapá,0.0
Brazil,Amazonas,0.0
Brazil,Bahia,0.041447368
Brazil,Ceará,0.69736844
Brazil,Distrito Federal,4.2105265
Brazil,Espírito Santo,0.019736841
Brazil,Goiás,0.7677345
Brazil,Maranhão,0.0
Brazil,Mato Grosso,0.0
Brazil,Mato Grosso do Sul,0.060526315
Brazil,Minas Gerais,0.010526316
Brazil,Paraná,0.0
Brazil,Paraíba,1.6140351
Brazil,Pará,0.0
Brazil,Pernambuco,2.7467105
Brazil,Piauí,0.02493075
Brazil,Rio Grande do Norte,0.1513158
Brazil,Rio Grande do Sul,0.019138755
Brazil,Rio de Janeiro,0.0
Brazil,Rondônia,0.0
Brazil,Roraima,0.0
Brazil,Santa Catarina,0.0
Brazil,Sergipe,0.0
Brazil,São Paulo,0.18730651
Brazil,Tocantins,0.0
Bulgaria,Blagoevgrad,2.631579
Bulgaria,Burgas,0.28947368
Bulgaria,Dobrich,0.0
Bulgaria,Gabrovo,0.0
Bulgaria,Haskovo,0.0
Bulgaria,Plovdiv,0.0
Bulgaria,Razgrad,0.0
Bulgaria,Sliven,0.0
Bulgaria,Sofia,9.789474
Bulgaria,Vidin,0.0
Burkina Faso,Boucle du Mouhoun,0.0
Burkina Faso,Centre-Est,0.0
Burkina Faso,Centre-Nord,0.0
Burkina Faso,Centre-Ouest,0.0
Burkina Faso,Centre-Sud,0.0
Burkina Faso,Est,0.0
Burkina Faso,Haut-Bassins,0.0
Burkina Faso,Nord,0.0
Burkina Faso,Plateau-Central,0.0
Burkina Faso,Sahel,0.0
Burundi,Gitega,0.0
Burundi,Kirundo,0.0
Burundi,Makamba,0.0
Cambodia,Kaôh Kong,0.0
Cambodia,Krong Preah Sihanouk,0.0
Cambodia,Krâchéh,0.0
Cambodia,Kâmpóng Thum,0.0
Cambodia,Kândal,0.0
Cambodia,Môndól Kiri,0.0
Cambodia,Pouthisat,0.0
Cambodia,Preah Vihéar,0.0
Cambodia,Rôtânôkiri,0.118421055
Cambodia,Siemréab,0.0
Cambodia,Stœng Trêng,0.0
Cambodia,Takêv,0.0
Cambodia,Tbong Khmum,0.0
Cameroon,Adamaoua,0.0
Cameroon,Centre,0.0
Cameroon,Est,0.0
Cameroon,Extrême-Nord,0.0
Cameroon,Littoral,0.0
Cameroon,Nord,0.0
Cameroon,Nord-Ouest,0.0
Cameroon,Ouest,0.0
Cameroon,Sud,0.0
Canada,Alberta,1.0423787
Canada,British Columbia,0.0
Canada,Manitoba,0.0
Canada,New Brunswick,0.0
Canada,Newfoundland and Labrador,0.0
Canada,Northwest Territories,0.0
Canada,Nova Scotia,0.0
Canada,Nunavut,0.0
Canada,Ontario,0.0
Canada,Québec,0.0
Canada,Saskatchewan,0.0
Canada,Yukon,0.0
Caspian Sea,,22.976076
Cayman Islands,North Side,
Central African Republic,Bamingui-Bangoran,0.0
Central African Republic,Basse-Kotto,0.0
Central African Republic,Haut-Mbomou,0.0
Central African Republic,Haute-Kotto,0.0
Central African Republic,Lobaye,0.0
Central African Republic,Mambéré-Kadéï,0.0
Central African Republic,Mbomou,0.0
Central African Republic,Nana-Grébizi,0.0
Central African Republic,Nana-Mambéré,0.0
Central African Republic,Ombella-M'Poko,0.0
Central African Republic,Ouaka,0.0
Central African Republic,Ouham,0.0
Central African Republic,Ouham-Pendé,0.0
Central African Republic,Sangha-Mbaéré,0.0
Central African Republic,Vakaga,0.0
Chad,Barh el Ghazel,0.0
Chad,Batha,0.0
Chad,Borkou,0.0
Chad,Chari-Baguirmi,0.0
Chad,Ennedi Est,0.0
Chad,Ennedi Ouest,0.0
Chad,Guéra,0.0
Chad,Hadjer-Lamis,0.0
Chad,Kanem,0.0
Chad,Lac,0.0
Chad,Logone Occidental,0.0
Chad,Logone Oriental,0.0
Chad,Mandoul,0.0
Chad,Mayo-Kebbi Est,0.0
Chad,Mayo-Kebbi Ouest,0.0
Chad,Moyen-Chari,0.0
Chad,Ouaddaï,0.0
Chad,Salamat,0.0
Chad,Sila,0.0
Chad,Tandjilé,0.0
Chad,Tibesti,0.0
Chad,Wadi Fira,0.0
Chile,Antofagasta,3.2736843
Chile,Araucanía,0.0
Chile,Arica y Parinacota,73.52631
Chile,Atacama,0.05639098
Chile,Aysén del General Ibañez del Cam,0.0
Chile,Bío-Bío,0.0
Chile,Coquimbo,0.7894737
Chile,Libertador General Bernardo O'Hi,0.0
Chile,Los Lagos,0.0
Chile,Los Ríos,0.0
Chile,Magallanes y Antártica Chilena,0.0
Chile,Maule,0.0
Chile,Santiago Metropolitan,69.38158
Chile,Tarapacá,5.1473684
Chile,Valparaíso,0.0
Chile,Ñuble,0.0
China,Anhui,7.0657897
China,Beijing,47.973682
China,Chongqing,0.0
China,Fujian,0.03110048
China,Gansu,4.638158
China,Guangdong,0.054655872
China,Guangxi,0.0
China,Guizhou,0.0
China,Hainan,7.1578946
China,Hebei,50.570175
China,Heilongjiang,2.784325
China,Henan,21.870176
China,Hubei,0.10526316
China,Hunan,0.0
China,Jiangsu,17.678362
China,Jiangxi,0.0
China,Jilin,2.5433438
China,Liaoning,4.4254384
China,Nei Mongol,4.0162683
China,Ningxia Hui,1.0701755
China,Qinghai,0.0
China,Shaanxi,1.1578947
China,Shandong,63.861843
China,Shanxi,21.44035
China,Sichuan,0.0020775623
China,Tianjin,65.51315
China,Xinjiang Uygur,10.8277025
China,Xizang,0.0
China,Yunnan,0.47459164
China,Zhejiang,0.0
Colombia,Amazonas,0.0
Colombia,Antioquia,0.0
Colombia,Atlántico,0.0
Colombia,Bolívar,0.0
Colombia,Boyacá,0.0
Colombia,Caquetá,0.0
Colombia,Casanare,0.0
Colombia,Cauca,0.0
Colombia,Cesar,0.0
Colombia,Chocó,0.0
Colombia,Cundinamarca,0.0
Colombia,Córdoba,0.0
Colombia,Guainía,0.0
Colombia,Guaviare,0.0
Colombia,Magdalena,0.0
Colombia,Meta,0.0
Colombia,Nariño,0.0
Colombia,Norte de Santander,0.0
Colombia,Putumayo,0.0
Colombia,Santander,0.0
Colombia,Sucre,0.0
Colombia,Tolima,0.0
Colombia,Valle del Cauca,0.0
Colombia,Vaupés,0.0
Colombia,Vichada,0.0
Costa Rica,Alajuela,0.0
Costa Rica,Cartago,0.0
Costa Rica,Puntarenas,0.0
Croatia,Dubrovacko-Neretvanska,0.0
Croatia,Licko-Senjska,0.0
Croatia,Osjecko-Baranjska,0.0
Croatia,Viroviticko-Podravska,0.0
Croatia,Zagrebačka,0.0
Croatia,Šibensko-Kninska,0.0
Cuba,Camagüey,0.0
Cuba,Ciego de Ávila,0.0
Cuba,Ciudad de la Habana,0.0
Cuba,Guantánamo,0.0
Cuba,Holguín,0.0
Cuba,Matanzas,0.0
Cuba,Santiago de Cuba,0.05263158
Cuba,Villa Clara,0.0
Czechia,Kraj Vysočina,0.0
Czechia,Olomoucký,0.0
Czechia,Plzeňský,0.0
Czechia,Středočeský,0.0
Czechia,Ústecký,0.0
Côte d'Ivoire,Bas-Sassandra,0.0
Côte d'Ivoire,Denguélé,0.0
Côte d'Ivoire,Gôh-Djiboua,0.0
Côte d'Ivoire,Lacs,0.0
Côte d'Ivoire,Lagunes,0.0
Côte d'Ivoire,Montagnes,0.0
Côte d'Ivoire,Sassandra-Marahoué,0.0
Côte d'Ivoire,Savanes,0.25
Côte d'Ivoire,Vallée du Bandama,0.0
Côte d'Ivoire,Woroba,0.0
Côte d'Ivoire,Zanzan,0.0
Democratic Republic of the Congo,Bas-Uele,0.0
Democratic Republic of the Congo,Haut-Katanga,0.0
Democratic Republic of the Congo,Haut-Lomami,0.0
Democratic Republic of the Congo,Haut-Uele,0.0
Democratic Republic of the Congo,Ituri,0.0
Democratic Republic of the Congo,Kasaï,0.0
Democratic Republic of the Congo,Kasaï-Central,0.0
Democratic Republic of the Congo,Kasaï-Oriental,0.0
Democratic Republic of the Congo,Kinshasa,0.0
Democratic Republic of the Congo,Kongo-Central,0.0
Democratic Republic of the Congo,Kwango,0.0
Democratic Republic of the Congo,Kwilu,0.0
Democratic Republic of the Congo,Lomami,0.0
Democratic Republic of the Congo,Lualaba,0.0
Democratic Republic of the Congo,Mai-Ndombe,0.0
Democratic Republic of the Congo,Maniema,0.0
Democratic Republic of the Congo,Mongala,0.0
Democratic Republic of the Congo,Nord-Kivu,0.0
Democratic Republic of the Congo,Nord-Ubangi,0.0
Democratic Republic of the Congo,Sankuru,0.0
Democratic Republic of the Congo,Sud-Kivu,0.0
Democratic Republic of the Congo,Sud-Ubangi,0.0
Democratic Republic of the Congo,Tanganyika,0.0
Democratic Republic of the Congo,Tshopo,0.0
Democratic Republic of the Congo,Tshuapa,0.0
Democratic Republic of the Congo,Équateur,0.0
Denmark,Hovedstaden,0.0
Denmark,Midtjylland,0.0
Denmark,Nordjylland,0.0
Denmark,Syddanmark,0.0
Djibouti,Tadjoura,0.0
Dominican Republic,Bahoruco,9.131579
Dominican Republic,La Altagracia,0.0
Dominican Republic,María Trinidad Sánchez,0.0
Dominican Republic,Santiago Rodríguez,17.157894
Ecuador,Chimborazo,0.18421052
Ecuador,El Oro,115.789474
Ecuador,Esmeraldas,0.0
Ecuador,Guayas,0.0
Ecuador,Loja,119.86842
Ecuador,Manabi,0.0
Ecuador,Morona Santiago,0.039473683
Ecuador,Napo,0.0
Ecuador,Orellana,0.0
Ecuador,Pastaza,0.0
Ecuador,Pichincha,0.0
Ecuador,Tungurahua,0.0
Ecuador,Zamora Chinchipe,0.0
Egypt,Al Bahr al Ahmar,29.666666
Egypt,Al Buhayrah,0.0
Egypt,Al Gharbiyah,0.0
Egypt,Al Isma`iliyah,274.5263
Egypt,Al Jizah,69.64474
Egypt,Al Minya,28.092106
Egypt,Al Wadi al Jadid,47.81579
Egypt,Aswan,0.0
Egypt,Asyut,63.407894
Egypt,Bani Suwayf,0.0
Egypt,Janub Sina',136.13158
Egypt,Matrouh,67.38664
Egypt,Shamal Sina',129.0
Egypt,Suhaj,0.0
El Salvador,San Vicente,0.0
Equatorial Guinea,Litoral,0.0
Equatorial Guinea,Wele-Nzas,0.0
Eritrea,Anseba,24.342106
Eritrea,Debub,7.2105265
Eritrea,Debubawi Keyih Bahri,0.0
Eritrea,Gash Barka,0.5
Eritrea,Semenawi Keyih Bahri,5.7456136
Estonia,Hiiu,
Estonia,Lääne,0.0
Estonia,Lääne-Viru,0.0
Estonia,Peipsi,0.0
Estonia,Põlva,0.0
Estonia,Rapla,0.0
Estonia,Valga,0.0
Ethiopia,Addis Abeba,6.131579
Ethiopia,Afar,0.4736842
Ethiopia,Amhara,4.957895
Ethiopia,Benshangul-Gumaz,0.0
Ethiopia,Gambela Peoples,0.0
Ethiopia,Oromia,0.025171624
Ethiopia,Somali,0.048421055
Ethiopia,"Southern Nations, Nationalities",0.0
Ethiopia,Tigray,0.09210526
Falkland Islands,,0.0
Fiji,Northern,
Finland,Eastern Finland,0.0
Finland,Lapland,0.0
Finland,Oulu,0.0
Finland,Southern Finland,0.0
Finland,Western Finland,0.0
France,Auvergne-Rhône-Alpes,0.0
France,Bourgogne-Franche-Comté,0.0
France,Bretagne,0.0
France,Centre-Val de Loire,0.0
France,Corse,86.18421
France,Grand Est,0.0
France,Hauts-de-France,0.0
France,Normandie,0.0
France,Nouvelle-Aquitaine,0.0
France,Occitanie,0.48355263
France,Pays de la Loire,0.0
France,Provence-Alpes-Côte d'Azur,1.8026316
France,Île-de-France,0.0
French Guiana,Cayenne,0.0
French Guiana,Saint-Laurent-du-Maroni,0.0
Gabon,Estuaire,0.0
Gabon,Haut-Ogooué,0.0
Gabon,Moyen-Ogooué,0.0
Gabon,Ngounié,0.0
Gabon,Nyanga,0.0
Gabon,Ogooué-Ivindo,0.0
Gabon,Ogooué-Lolo,0.0
Gabon,Ogooué-Maritime,0.0
Gabon,Wouleu-Ntem,0.0
Gambia,Maccarthy Island,0.0
Georgia,Abkhazia,0.0
Georgia,Guria,0.0
Georgia,Kakheti,0.0
Georgia,Mtskheta-Mtianeti,0.0
Georgia,Racha-Lechkhumi-Kvemo Svaneti,0.0
Georgia,Shida Kartli,0.0
Germany,Baden-Württemberg,0.0
Germany,Bayern,0.0
Germany,Brandenburg,0.0
Germany,Hessen,0.0
Germany,Mecklenburg-Vorpommern,0.0
Germany,Niedersachsen,0.0
Germany,Nordrhein-Westfalen,0.0
Germany,Rheinland-Pfalz,0.0
Germany,Sachsen,0.18421052
Germany,Sachsen-Anhalt,0.0
Germany,Schleswig-Holstein,0.0
Germany,Thüringen,0.7719298
Ghana,Ahafo,0.0
Ghana,Ashanti,0.0
Ghana,Bono,0.0
Ghana,Bono East,0.0
Ghana,Central,0.0
Ghana,Eastern,0.0
Ghana,Northern,0.0
Ghana,Oti,0.0
Ghana,Savannah,0.0
Ghana,Upper East,0.0
Ghana,Upper West,0.0
Ghana,Western,0.0
Ghana,Western North,0.0
Greece,Aegean,1.3157895
Greece,Attica,53.973682
Greece,Crete,107.26316
Greece,Epirus and Western Macedonia,32.05263
Greece,Macedonia and Thrace,7.9157896
Greece,"Peloponnese, Western Greece and",67.07895
Greece,Thessaly and Central Greece,31.671053
Greenland,Kujalleq,0.0
Greenland,Northeast Greenland National Par,0.0
Greenland,Qaasuitsup,0.0
Greenland,Qeqqata,0.0
Greenland,Sermersooq,0.0
Guatemala,Alta Verapaz,0.0
Guatemala,Izabal,0.0
Guatemala,Jalapa,7.8157897
Guatemala,Petén,0.0
Guatemala,Quiché,0.0
Guatemala,Sololá,3.5789473
Guinea,Boké,0.34210527
Guinea,Faranah,10.039474
Guinea,Kankan,0.0
Guinea,Kindia,0.0
Guinea,Labé,1.1315789
Guinea,Mamou,0.0
Guinea,Nzérékoré,0.0
Guinea-Bissau,Gabú,0.0
Guinea-Bissau,Quinara,0.0
Guyana,Barima-Waini,0.0
Guyana,Cuyuni-Mazaruni,0.0
Guyana,East Berbice-Corentyne,0.0
Guyana,Pomeroon-Supenaam,0.0
Guyana,Potaro-Siparuni,0.0
Guyana,Upper Demerara-Berbice,0.0
Guyana,Upper Takutu-Upper Essequibo,0.0
Haiti,L'Artibonite,0.0
Haiti,Sud,0.5263158
Haiti,Sud-Est,1.2631578
Honduras,Atlántida,0.0
Honduras,Colón,0.0
Honduras,Comayagua,0.0
Honduras,Copán,0.0
Honduras,Olancho,0.0
Honduras,Valle,0.10526316
Hungary,Borsod-Abaúj-Zemplén,0.0
Hungary,Békés,0.0
Hungary,Csongrád,0.0
Hungary,Gyor-Moson-Sopron,0.0
Hungary,Hajdú-Bihar,0.0
Hungary,Heves,0.0
Hungary,Pest,0.0
Hungary,Somogy,0.0
Hungary,Tolna,0.0
Iceland,Austurland,0.0
Iceland,Norðurland eystra,0.0
Iceland,Norðurland vestra,0.0
Iceland,Suðurland,0.0
Iceland,Vestfirðir,0.0
Iceland,Vesturland,0.0
India,Andaman and Nicobar,
India,Andhra Pradesh,90.39474
India,Arunachal Pradesh,0.0
India,Assam,0.0
India,Bihar,23.0
India,Chhattisgarh,42.637424
India,Gujarat,70.6417
India,Haryana,96.2193
India,Himachal Pradesh,3.008772
India,Jharkhand,6.9342103
India,Karnataka,122.22369
India,Kerala,76.59649
India,Madhya Pradesh,68.41263
India,Maharashtra,107.85927
India,Manipur,0.25
India,Mizoram,0.0
India,Nagaland,0.0877193
India,Odisha,47.504383
India,Punjab,42.657894
India,Rajasthan,43.587044
India,Sikkim,0.0
India,Tamil Nadu,80.751465
India,Telangana,98.67763
India,Uttar Pradesh,53.172516
India,Uttarakhand,13.994738
India,West Bengal,2.8070176
Indonesia,Aceh,0.0
Indonesia,Bangka Belitung,0.0
Indonesia,Banten,0.18421052
Indonesia,Bengkulu,0.013157895
Indonesia,Jambi,0.0
Indonesia,Jawa Barat,4.1842103
Indonesia,Jawa Tengah,16.052631
Indonesia,Jawa Timur,21.857895
Indonesia,Kalimantan Barat,0.0
Indonesia,Kalimantan Selatan,0.0
Indonesia,Kalimantan Tengah,0.0
Indonesia,Kalimantan Timur,0.0
Indonesia,Kalimantan Utara,0.0
Indonesia,Kepulauan Riau,
Indonesia,Lampung,0.0
Indonesia,Maluku,0.0
Indonesia,Maluku Utara,
Indonesia,Nusa Tenggara Barat,13.473684
Indonesia,Nusa Tenggara Timur,4.2105265
Indonesia,Papua,0.0
Indonesia,Papua Barat,0.0
Indonesia,Riau,0.0
Indonesia,Sulawesi Selatan,0.2763158
Indonesia,Sulawesi Tengah,0.15789473
Indonesia,Sulawesi Tenggara,0.75
Indonesia,Sulawesi Utara,0.0
Indonesia,Sumatera Barat,0.0
Indonesia,Sumatera Selatan,0.0
Indonesia,Sumatera Utara,0.0
Iran,Ardebil,49.605263
Iran,Bushehr,21.210526
Iran,Chahar Mahall and Bakhtiari,21.210526
Iran,East Azarbaijan,62.76316
Iran,Esfahan,95.925835
Iran,Fars,55.48947
Iran,Gilan,3.1973684
Iran,Golestan,74.789474
Iran,Hamadan,89.14474
Iran,Hormozgan,16.298246
Iran,Ilam,7.157895
Iran,Kerman,73.789474
Iran,Kermanshah,88.4079
Iran,Khuzestan,28.589474
Iran,Kordestan,99.63816
Iran,Lorestan,71.42105
Iran,Markazi,74.710526
Iran,Mazandaran,26.921053
Iran,North Khorasan,36.0
Iran,Qazvin,46.0
Iran,Razavi Khorasan,102.502396
Iran,Semnan,11.625
Iran,Sistan and Baluchestan,22.672066
Iran,South Khorasan,43.894737
Iran,Tehran,86.13158
Iran,West Azarbaijan,51.41228
Iran,Yazd,33.689476
Iran,Zanjan,64.36842
Iraq,Al-Anbar,25.789473
Iraq,Al-Basrah,2.6578948
Iraq,Al-Muthannia,2.0526316
Iraq,Al-Qadisiyah,4.736842
Iraq,An-Najaf,35.789474
Iraq,Arbil,12.894737
Iraq,As-Sulaymaniyah,27.013157
Iraq,At-Ta'mim,13.105263
Iraq,Babil,6.0526314
Iraq,Dhi-Qar,7.7105265
Iraq,Dihok,5.2894735
Iraq,Diyala,18.697369
Iraq,Karbala',1.3421053
Iraq,Maysan,11.552631
Iraq,Ninawa,11.342106
Iraq,Sala ad-Din,7.0
Iraq,Wasit,18.473684
Ireland,Cork,0.0
Ireland,Dublin,0.0
Ireland,Galway,0.0
Ireland,Offaly,0.0
Ireland,Sligo,0.0
Ireland,Waterford,0.0
Israel,HaDarom,89.1579
Israel,Haifa,190.47368
Italy,Abruzzo,20.552631
Italy,Apulia,38.42105
Italy,Basilicata,40.026318
Italy,Calabria,82.31579
Italy,Campania,29.605263
Italy,Emilia-Romagna,1.2631578
Italy,Friuli-Venezia Giulia,0.0
Italy,Lazio,4.0526314
Italy,Lombardia,0.21052632
Italy,Marche,16.710526
Italy,Molise,43.18421
Italy,Piemonte,7.7105265
Italy,Sardegna,62.25
Italy,Sicily,94.4079
Italy,Toscana,4.7894735
Italy,Trentino-Alto Adige,0.0
Italy,Umbria,11.315789
Italy,Valle d'Aosta,0.0
Italy,Veneto,0.18421052
Jamaica,Trelawny,11.473684
Jammu and Kashmir,Jammu and Kashmir,0.47660816
Japan,Akita,0.05263158
Japan,Aomori,0.8684211
Japan,Chiba,0.02631579
Japan,Ehime,0.0
Japan,Fukui,0.0
Japan,Fukushima,0.0
Japan,Gifu,0.02631579
Japan,Gunma,0.0
Japan,Hiroshima,0.4473684
Japan,Hokkaido,0.0
Japan,Ibaraki,0.15789473
Japan,Iwate,0.4868421
Japan,Kyoto,0.0
Japan,Mie,0.0
Japan,Miyazaki,2.7105262
Japan,Niigata,0.0
Japan,Oita,0.05263158
Japan,Shiga,0.0
Japan,Shizuoka,0.0
Japan,Tottori,1.1052631
Japan,Yamagata,0.039473683
Jordan,Amman,86.76316
Jordan,Ma`an,11.14035
Jordan,Mafraq,0.31578946
Kazakhstan,Almaty,4.8078947
Kazakhstan,Aqmola,0.5423977
Kazakhstan,Aqtöbe,0.7508772
Kazakhstan,Atyrau,0.0
Kazakhstan,East Kazakhstan,2.0508165
Kazakhstan,Mangghystau,0.0
Kazakhstan,North Kazakhstan,0.42982456
Kazakhstan,Pavlodar,0.0
Kazakhstan,Qaraghandy,1.5263158
Kazakhstan,Qostanay,0.20300752
Kazakhstan,Qyzylorda,0.2951945
Kazakhstan,South Kazakhstan,7.710526
Kazakhstan,West Kazakhstan,0.042397663
Kazakhstan,Zhambyl,5.7964916
Kenya,Embu,25.868422
Kenya,Garissa,0.0
Kenya,Isiolo,0.0
Kenya,Kajiado,0.13157895
Kenya,Kilifi,0.0
Kenya,Kitui,0.0
Kenya,Kwale,0.0
Kenya,Laikipia,0.0
Kenya,Machakos,0.31578946
Kenya,Mandera,0.0
Kenya,Marsabit,0.0
Kenya,Nakuru,0.0
Kenya,Nandi,0.0
Kenya,Narok,0.0
Kenya,Nyamira,0.0
Kenya,Samburu,0.0
Kenya,Taita Taveta,0.0
Kenya,Tana River,0.0
Kenya,Turkana,0.0
Kenya,Wajir,0.0
Kenya,West Pokot,0.0
Kosovo,Pristina,0.6315789
Kuwait,Al Jahrah,4.2105265
Kyrgyzstan,Batken,52.42105
Kyrgyzstan,Chüy,47.657898
Kyrgyzstan,Jalal-Abad,21.447369
Kyrgyzstan,Naryn,36.31579
Kyrgyzstan,Osh,50.315792
Kyrgyzstan,Ysyk-Köl,18.421053
Laos,Bolikhamxai,0.0
Laos,Champasak,0.0
Laos,Houaphan,0.0
Laos,Khammouan,0.0
Laos,Louang Namtha,0.0
Laos,Louangphrabang,0.0
Laos,Oudômxai,0.0
Laos,Phôngsali,0.0
Laos,Saravan,0.0
Laos,Savannakhét,0.0
Laos,Vientiane,0.0
Laos,Xaignabouri,0.0
Laos,Xiangkhoang,0.0
Latvia,Kurzeme,0.0
Latvia,Latgale,0.0
Latvia,Riga,0.0
Latvia,Vidzeme,0.0
Lebanon,Baalbak - Hermel,28.657894
Lesotho,Butha-Buthe,0.0
Lesotho,Mafeteng,0.0
Lesotho,Thaba-Tseka,0.0
Liberia,Bong,0.0
Liberia,Grand Bassa,0.0
Liberia,Grand Cape Mount,0.0
Liberia,Grand Gedeh,0.0
Liberia,Lofa,0.0
Liberia,Nimba,0.0
Liberia,River Gee,0.0
Liberia,Sinoe,0.0
Libya,Al Butnan,27.947369
Libya,Al Jabal al Gharbi,3.2236843
Libya,Al Jufrah,0.77192986
Libya,Al Kufrah,0.0
Libya,Al Marj,5.9473686
Libya,Al Marqab,147.36842
Libya,Al Wahat,0.5075188
Libya,Az Zawiyah,130.1579
Libya,Benghazi,5.2894735
Libya,Darnah,1.4210526
Libya,Ghat,0.0
Libya,Misratah,7.5657897
Libya,Murzuq,0.0
Libya,Nalut,0.0
Libya,Sabha,10.473684
Libya,Surt,1.8872182
Libya,Wadi al Hayat,25.59649
Libya,Wadi ash Shati',23.900002
Lithuania,Alytaus,0.0
Lithuania,Kauno,0.0
Lithuania,Klaipedos,0.0
Lithuania,Panevezio,0.0
Lithuania,Taurages,0.0
Lithuania,Telšiai,0.0
Lithuania,Vilniaus,0.0
Lithuania,Šiauliai,0.0
Madagascar,Antananarivo,0.7368421
Madagascar,Antsiranana,8.5
Madagascar,Fianarantsoa,0.007518797
Madagascar,Mahajanga,0.20526317
Madagascar,Toamasina,1.0
Madagascar,Toliary,0.2932331
Malawi,Blantyre,0.0
Malawi,Chikwawa,0.0
Malawi,Dowa,0.0
Malawi,Karonga,0.0
Malawi,Kasungu,0.0
Malawi,Mangochi,0.0
Malawi,Mzimba,0.0
Malawi,Rumphi,0.0
Malaysia,Johor,0.0
Malaysia,Melaka,0.0
Malaysia,Pahang,0.0
Malaysia,Perak,0.0
Malaysia,Sabah,0.0
Malaysia,Sarawak,0.0
Malaysia,Trengganu,0.0
Mali,Gao,0.0
Mali,Kayes,0.0
Mali,Kidal,0.0
Mali,Koulikoro,0.0
Mali,Mopti,0.0
Mali,Sikasso,0.0
Mali,Ségou,10.18421
Mali,Timbuktu,0.0
Mauritania,Adrar,0.0
Mauritania,Assaba,10.184211
Mauritania,Brakna,0.0
Mauritania,Dakhlet Nouadhibou,0.0
Mauritania,Guidimaka,0.0
Mauritania,Hodh ech Chargui,0.0
Mauritania,Hodh el Gharbi,0.0
Mauritania,Inchiri,0.0
Mauritania,Tagant,0.0
Mauritania,Tiris Zemmour,0.0
Mauritania,Trarza,0.0
Mauritius,Plaines Wilhems,
Moldova,Cimişlia,0.0
Moldova,Făleşti,0.0
Moldova,Rezina,0.5
Mongolia,Arhangay,0.0
Mongolia,Bayan-Ölgiy,0.0
Mongolia,Bayanhongor,0.0
Mongolia,Bulgan,0.0
Mongolia,Darhan-Uul,0.0
Mongolia,Dornod,0.0
Mongolia,Dornogovi,0.0
Mongolia,Dundgovi,0.0
Mongolia,Dzavhan,0.0
Mongolia,Govi-Altay,0.0
Mongolia,Govisümber,0.0
Mongolia,Hentiy,0.0
Mongolia,Hovd,0.0
Mongolia,Hövsgöl,0.0
Mongolia,Selenge,0.0
Mongolia,Sühbaatar,0.0
Mongolia,Töv,0.064327486
Mongolia,Uvs,0.0
Mongolia,Ömnögovi,0.0
Mongolia,Övörhangay,0.0
Montenegro,Berane,0.0
Montenegro,Nikšic,0.0
Morocco,Chaouia - Ouardigha,111.60526
Morocco,Doukkala - Abda,144.07895
Morocco,Fès - Boulemane,3.6578948
Morocco,Gharb - Chrarda - Béni Hssen,51.44737
Morocco,Grand Casablanca,49.86842
Morocco,Guelmim - Es-Semara,0.0
Morocco,Laâyoune - Boujdour - Sakia El H,0.0
Morocco,Marrakech - Tensift - Al Haouz,127.315796
Morocco,Meknès - Tafilalet,18.952631
Morocco,Oriental,8.58421
Morocco,Rabat - Salé - Zemmour - Zaer,14.921053
Morocco,Souss - Massa - Draâ,48.20175
Morocco,Tadla - Azilal,123.63158
Morocco,Tanger - Tétouan,63.842106
Morocco,Taza - Al Hoceima - Taounate,42.710526
Mozambique,Cabo Delgado,0.0
Mozambique,Gaza,0.0
Mozambique,Inhambane,0.0
Mozambique,Manica,0.026315788
Mozambique,Maputo,0.0
Mozambique,Maputo City,0.0
Mozambique,Nampula,0.0
Mozambique,Nassa,0.0
Mozambique,Sofala,0.0
Mozambique,Tete,0.0
Mozambique,Zambezia,0.0
Myanmar,Ayeyarwady,0.0
Myanmar,Bago,6.2763157
Myanmar,Chin,0.0
Myanmar,Kachin,0.18045112
Myanmar,Kayah,0.0
Myanmar,Kayin,0.0
Myanmar,Magway,0.0
Myanmar,Mandalay,4.4407897
Myanmar,Mon,0.0
Myanmar,Rakhine,0.0
Myanmar,Sagaing,0.16666667
Myanmar,Shan,0.0
Myanmar,Tanintharyi,0.019736841
Myanmar,Yangon,0.0
México,Aguascalientes,100.18421
México,Baja California,35.2594
México,Baja California Sur,27.907892
México,Campeche,0.013157895
México,Chiapas,0.0
México,Chihuahua,18.400276
México,Coahuila,6.348178
México,Colima,103.42105
México,Durango,14.230263
México,Guanajuato,64.508766
México,Guerrero,17.815788
México,Hidalgo,56.736843
México,Jalisco,43.86316
México,Michoacán,47.256577
México,México,70.5
México,Nayarit,41.368423
México,Nuevo León,14.178947
México,Oaxaca,2.6736841
México,Puebla,16.298246
México,Querétaro,56.157894
México,Quintana Roo,0.0
México,San Luis Potosí,14.468422
México,Sinaloa,59.6
México,Sonora,16.710527
México,Tabasco,0.0
México,Tamaulipas,32.605263
México,Veracruz,0.0
México,Yucatán,0.0
México,Zacatecas,20.030703
Namibia,!Karas,0.0
Namibia,Erongo,0.0
Namibia,Hardap,1.3322369
Namibia,Kavango,0.0
Namibia,Khomas,0.0
Namibia,Kunene,0.0
Namibia,Ohangwena,0.0
Namibia,Omaheke,0.0
Namibia,Omusati,0.0
Namibia,Oshikoto,0.46710527
Namibia,Otjozondjupa,0.0
Namibia,Zambezi,0.0
Nepal,Central,0.0
Nepal,East,4.2368417
Nepal,Far-Western,2.381579
Nepal,Mid-Western,14.35965
Nepal,West,0.84210527
Netherlands,Groningen,0.0
Netherlands,Noord-Holland,0.0
Netherlands,Overijssel,0.0
New Caledonia,Nord,2.2631578
New Caledonia,Sud,
New Zealand,Bay of Plenty,0.0
New Zealand,Canterbury,0.0
New Zealand,Hawke's Bay,0.0
New Zealand,Manawatu-Wanganui,0.0
New Zealand,Northland,0.0
New Zealand,Otago,0.0
New Zealand,Southland,0.0
New Zealand,Taranaki,0.0
New Zealand,Tasman,0.0
New Zealand,Waikato,0.0
New Zealand,Wellington,0.0
New Zealand,West Coast,0.0
Nicaragua,Atlántico Norte,0.0
Nicaragua,Atlántico Sur,0.0
Nicaragua,Boaco,0.0
Nicaragua,Carazo,0.21052632
Nicaragua,Chontales,0.0
Nicaragua,Matagalpa,3.1842105
Nicaragua,Nueva Segovia,0.0
Nicaragua,Río San Juan,0.0
Niger,Agadez,0.0
Niger,Diffa,0.0
Niger,Dosso,0.0
Niger,Maradi,0.0
Niger,Tahoua,0.0
Niger,Tillabéry,0.0
Niger,Zinder,0.0
Nigeria,Abia,0.0
Nigeria,Adamawa,0.0
Nigeria,Bauchi,0.0
Nigeria,Bayelsa,0.0
Nigeria,Benue,0.0
Nigeria,Borno,0.0
Nigeria,Cross River,0.0
Nigeria,Delta,0.0
Nigeria,Edo,0.0
Nigeria,Enugu,0.0
Nigeria,Federal Capital Territory,0.0
Nigeria,Gombe,0.0
Nigeria,Jigawa,0.0
Nigeria,Kaduna,0.16666667
Nigeria,Kano,0.0
Nigeria,Katsina,0.0
Nigeria,Kebbi,0.0
Nigeria,Kogi,0.0
Nigeria,Kwara,0.0
Nigeria,Nasarawa,0.0
Nigeria,Niger,0.0
Nigeria,Ondo,0.0
Nigeria,Osun,0.0
Nigeria,Oyo,0.0
Nigeria,Plateau,0.0
Nigeria,Sokoto,0.0
Nigeria,Taraba,0.0
Nigeria,Yobe,0.0
Nigeria,Zamfara,0.0
North Korea,Chagang-do,0.2236842
North Korea,Hamgyŏng-bukto,0.0
North Korea,Hamgyŏng-namdo,1.1929824
North Korea,Hwanghae-namdo,19.197369
North Korea,Kangwŏn-do,2.4210527
North Korea,P'yŏngan-bukto,0.05263158
North Korea,P'yŏngan-namdo,7.5526314
North Korea,Ryanggang,0.28947368
North Macedonia,Bitola,1.7105263
North Macedonia,Saraj,1.3947369
North Macedonia,Vinitsa,1.3421053
Northern Cyprus,Gazimağusa,65.447365
Norway,Akershus,0.0
Norway,Aust-Agder,0.0
Norway,Buskerud,0.0
Norway,Finnmark,0.0
Norway,Hedmark,0.0
Norway,Hordaland,0.0
Norway,Møre og Romsdal,0.0
Norway,Nord-Trøndelag,0.0
Norway,Nordland,0.0
Norway,Oppland,0.0
Norway,Rogaland,0.0
Norway,Sogn og Fjordane,0.0
Norway,Sør-Trøndelag,0.0
Norway,Telemark,0.0
Norway,Troms,0.0
Oman,Ad Dakhliyah,33.17105
Oman,Al Dhahira,44.070175
Oman,Al Wusta,0.0
Oman,Ash Sharqiyah North,0.0
Oman,Ash Sharqiyah South,0.0
Oman,Dhofar,21.450293
Oman,Musandam,
Oman,Muscat,2.8157895
Pakistan,Balochistan,22.780703
Pakistan,Federally Administered Tribal Ar,20.052633
Pakistan,Khyber-Pakhtunkhwa,0.5986842
Pakistan,Punjab,23.838596
Pakistan,Sindh,19.552631
Palestine,West Bank,138.97368
Panama,Bocas del Toro,0.0
Panama,Darién,0.0
Panama,Panamá,0.0
Panama,Panamá Oeste,0.0
Panama,Veraguas,0.6315789
Papua New Guinea,Bougainville,
Papua New Guinea,Central,0.0
Papua New Guinea,Chimbu,0.0
Papua New Guinea,East New Britain,0.0
Papua New Guinea,East Sepik,0.0
Papua New Guinea,Enga,0.0
Papua New Guinea,Gulf,0.0
Papua New Guinea,Hela,0.0
Papua New Guinea,Madang,0.0
Papua New Guinea,Morobe,0.0
Papua New Guinea,Oro,0.0
Papua New Guinea,Sandaun,0.0
Papua New Guinea,Southern Highlands,0.0
Papua New Guinea,West New Britain,0.0
Papua New Guinea,Western,0.0
Paraguay,Alto Paraguay,0.0
Paraguay,Alto Paraná,0.0
Paraguay,Boquerón,0.0
Paraguay,Caaguazú,0.0
Paraguay,Canindeyú,0.0
Paraguay,Central,0.0
Paraguay,Concepción,0.0
Paraguay,Guairá,0.0
Paraguay,Itapúa,0.0
Paraguay,Misiones,0.0
Paraguay,Presidente Hayes,0.0
Paraguay,San Pedro,0.0
Peru,Amazonas,0.0
Peru,Ancash,0.15789473
Peru,Apurímac,0.0
Peru,Arequipa,1.5105263
Peru,Ayacucho,3.8026314
Peru,Cajamarca,1.6754385
Peru,Cusco,0.0
Peru,Huancavelica,3.4210527
Peru,Huánuco,0.0
Peru,Junín,0.0
Peru,La Libertad,74.710526
Peru,Lambayeque,113.86842
Peru,Lima,0.6666667
Peru,Loreto,0.0
Peru,Madre de Dios,0.0
Peru,Moquegua,11.263158
Peru,Pasco,0.0
Peru,Piura,129.39473
Peru,Puno,0.0
Peru,San Martín,0.0
Peru,Tacna,12.894737
Peru,Ucayali,0.0
Philippines,Agusan del Sur,0.0
Philippines,Apayao,0.6315789
Philippines,Batangas,3.2894738
Philippines,Bukidnon,0.0
Philippines,Davao Oriental,0.0
Philippines,Iloilo,4.0789475
Philippines,Kalinga,7.8157897
Philippines,Leyte,0.0
Philippines,Negros Occidental,8.342105
Philippines,North Cotabato,0.0
Philippines,Nueva Ecija,33.86842
Philippines,Nueva Vizcaya,47.31579
Philippines,Oriental Mindoro,45.94737
Philippines,Palawan,
Philippines,Quezon,0.0
Philippines,Rizal,21.394737
Philippines,Samar,0.0
Philippines,South Cotabato,7.394737
Philippines,Surigao del Sur,0.0
Philippines,Tawi-Tawi,0.0
Philippines,Zambales,65.789474
Philippines,Zamboanga del Norte,0.10526316
Poland,Dolnośląskie,0.0
Poland,Kujawsko-Pomorskie,0.0
Poland,Lubelskie,0.0
Poland,Lubuskie,0.0
Poland,Mazowieckie,0.0
Poland,Małopolskie,0.0
Poland,Opolskie,0.0
Poland,Podkarpackie,0.0
Poland,Podlaskie,0.0
Poland,Pomorskie,0.0
Poland,Warmińsko-Mazurskie,0.0
Poland,Wielkopolskie,0.0
Poland,Zachodniopomorskie,0.0
Poland,Łódzkie,0.0
Poland,Śląskie,0.0
Poland,Świętokrzyskie,0.0
Portugal,Beja,1.3947369
Portugal,Castelo Branco,6.868421
Portugal,Coimbra,2.1842105
Portugal,Faro,37.763157
Portugal,Portalegre,11.289474
Portugal,Santarém,8.315789
Portugal,Setúbal,7.631579
Portugal,Viana do Castelo,1.7894737
Portugal,Viseu,0.5
Puerto Rico,Toa Alta,146.28947
Qatar,Al Khor,312.92105
Qatar,Al Wakrah,105.789474
Republic of the Congo,Bouenza,0.0
Republic of the Congo,Cuvette,0.0
Republic of the Congo,Cuvette-Ouest,0.0
Republic of the Congo,Kouilou,0.0
Republic of the Congo,Likouala,0.0
Republic of the Congo,Lékoumou,0.0
Republic of the Congo,Niari,0.0
Republic of the Congo,Plateaux,0.0
Republic of the Congo,Pool,0.0
Republic of the Congo,Sangha,0.0
Romania,Argeș,0.0
Romania,Bacău,0.68421054
Romania,Bihor,0.0
Romania,Brașov,0.0
Romania,Cluj,0.0
Romania,Covasna,0.15789473
Romania,Dolj,0.0
Romania,Galați,0.0
Romania,Gorj,0.0
Romania,Hunedoara,0.0
Romania,Ialomița,0.0
Romania,Maramureș,0.0
Romania,Mehedinți,0.0
Romania,Mureș,6.8157897
Romania,Prahova,0.0
Romania,Satu Mare,0.0
Romania,Sibiu,0.0
Romania,Suceava,0.09210526
Romania,Teleorman,0.0
Romania,Timiș,0.0
Romania,Tulcea,0.0
Romania,Vaslui,0.0
Russia,Altay,0.0
Russia,Amur,0.0
Russia,Arkhangel'sk,0.0
Russia,Astrakhan',0.0
Russia,Bashkortostan,1.7091411
Russia,Belgorod,2.0197368
Russia,Bryansk,0.0
Russia,Buryat,0.0
Russia,Chechnya,0.0
Russia,Chelyabinsk,15.163157
Russia,Chukot,0.0
Russia,Chuvash,0.0
Russia,City of St. Petersburg,0.0
Russia,Dagestan,0.31578946
Russia,Gorno-Altay,0.0
Russia,Ingush,0.0
Russia,Irkutsk,0.0
Russia,Ivanovo,0.0
Russia,Kaliningrad,0.0
Russia,Kalmyk,0.0
Russia,Kaluga,0.0
Russia,Kamchatka,0.008913412
Russia,Karachay-Cherkess,0.0
Russia,Karelia,0.0
Russia,Kemerovo,0.25657895
Russia,Khabarovsk,0.0
Russia,Khakass,0.0
Russia,Khanty-Mansiy,0.0
Russia,Kirov,0.0
Russia,Komi,0.0
Russia,Kostroma,0.0
Russia,Krasnodar,0.0
Russia,Krasnoyarsk,0.0
Russia,Kurgan,0.0
Russia,Kursk,2.4144738
Russia,Leningrad,0.0
Russia,Lipetsk,0.0
Russia,Magadan,0.0024291498
Russia,Mariy-El,0.0
Russia,Mordovia,0.4210526
Russia,Moskva,0.0
Russia,Murmansk,0.0
Russia,Nenets,0.0
Russia,Nizhegorod,0.0
Russia,North Ossetia,0.0
Russia,Novgorod,0.0
Russia,Novosibirsk,0.0
Russia,Omsk,0.031855956
Russia,Orel,0.3508772
Russia,Orenburg,0.1
Russia,Penza,0.15789475
Russia,Perm',0.0
Russia,Primor'ye,0.029411765
Russia,Pskov,0.0
Russia,Rostov,0.0
Russia,Ryazan',0.0
Russia,Sakha,0.0
Russia,Sakhalin,0.0
Russia,Samara,0.0
Russia,Saratov,0.39234447
Russia,Smolensk,0.0
Russia,Stavropol',0.70394737
Russia,Sverdlovsk,7.5852633
Russia,Tambov,0.0065789474
Russia,Tatarstan,0.0
Russia,Tomsk,0.0
Russia,Tula,0.0
Russia,Tuva,0.0
Russia,Tver',0.0
Russia,Tyumen',0.0
Russia,Udmurt,0.0
Russia,Ul'yanovsk,0.0
Russia,Vladimir,0.0
Russia,Volgograd,0.043062203
Russia,Vologda,0.0
Russia,Voronezh,0.0
Russia,Yamal-Nenets,0.0
Russia,Yaroslavl',0.0
Russia,Yevrey,0.0
Russia,Zabaykal'ye,0.14070891
Samoa,Palauli,
Saudi Arabia,'Asir,62.64737
Saudi Arabia,Al Bahah,69.86842
Saudi Arabia,Al Hudud ash Shamaliyah,1.6959064
Saudi Arabia,Al Jawf,0.6008772
Saudi Arabia,Al Madinah,14.786842
Saudi Arabia,Al Qassim,56.64211
Saudi Arabia,Ar Riyad,44.002724
Saudi Arabia,Ash-Sharqīyah,13.668282
Saudi Arabia,Jizan,94.89474
Saudi Arabia,Makkah,66.710526
Saudi Arabia,Najran,23.929825
Saudi Arabia,Tabuk,49.971493
Saudi Arabia,Ḥaʼil,22.413158
Senegal,Diourbel,0.0
Senegal,Fatick,0.0
Senegal,Kaffrine,0.0
Senegal,Kolda,0.0
Senegal,Kédougou,0.0
Senegal,Louga,0.0
Senegal,Matam,0.0
Senegal,Saint-Louis,0.0
Senegal,Tambacounda,0.0
Senegal,Ziguinchor,0.0
Serbia,Braničevski,0.0
Serbia,Jablanički,0.42105263
Serbia,Južno-Bački,0.0
Serbia,Rasinski,0.0
Serbia,Sremski,0.0
Serbia,Zlatiborski,0.0
Shaksgam Valley,Xinjiang Uygur,0.0
Sierra Leone,Eastern,0.0
Sierra Leone,Northern,0.0
Sierra Leone,Southern,0.0
Singapore,North,0.0
Slovakia,Banskobystrický,0.0
Slovakia,Trnavský,0.0
Slovakia,Žilinský,0.0
Slovenia,Jugovzhodna Slovenija,0.0
Slovenia,Pomurska,0.0
Solomon Islands,Western,
Somalia,Awdal,0.0
Somalia,Bakool,0.0
Somalia,Bari,12.75
Somalia,Bay,0.0
Somalia,Galguduud,0.0
Somalia,Gedo,0.0
Somalia,Hiiraan,0.0
Somalia,Jubbada Dhexe,0.0
Somalia,Jubbada Hoose,0.0
Somalia,Mudug,0.0
Somalia,Nugaal,0.0
Somalia,Sanaag,0.0
Somalia,Shabeellaha Dhexe,0.0
Somalia,Shabeellaha Hoose,0.0
Somalia,Sool,0.0
Somalia,Togdheer,0.0
Somalia,Woqooyi Galbeed,14.447369
South Africa,Eastern Cape,0.007518797
South Africa,Free State,0.0
South Africa,Gauteng,27.907894
South Africa,KwaZulu-Natal,0.02255639
South Africa,Limpopo,7.28655
South Africa,Mpumalanga,1.6684211
South Africa,North West,2.4849625
South Africa,Northern Cape,0.8438596
South Africa,Western Cape,20.01535
South Korea,Chungcheongbuk-do,4.105263
South Korea,Gangwon-do,0.5394737
South Korea,Gyeonggi-do,3.368421
South Korea,Gyeongsangbuk-do,2.9473684
South Korea,Gyeongsangnam-do,4.394737
South Korea,Jeollanam-do,2.9473684
South Sudan,Central Equatoria,0.0
South Sudan,Eastern Equatoria,0.0
South Sudan,Jungoli,0.0
South Sudan,Lakes,0.0
South Sudan,North Bahr-al-Ghazal,0.0
South Sudan,Unity,0.0
South Sudan,Upper Nile,0.0
South Sudan,Warap,0.0
South Sudan,West Bahr-al-Ghazal,0.0
South Sudan,West Equatoria,0.0
Spain,Andalucía,100.95489
Spain,Aragón,24.092106
Spain,Castilla y León,3.5701756
Spain,Castilla-La Mancha,24.733082
Spain,Cataluña,30.302631
Spain,Comunidad Foral de Navarra,0.02631579
Spain,Comunidad Valenciana,14.802631
Spain,Comunidad de Madrid,3.6052632
Spain,Extremadura,4.986842
Spain,Galicia,0.3157895
Spain,País Vasco,13.157895
Spain,Región de Murcia,131.57895
Sri Lanka,Gampaha,0.0
Sri Lanka,Mannar,0.8684211
Sri Lanka,Moneragala,4.0263157
Sri Lanka,Polonnaruwa,0.0
Sri Lanka,Puttalam,0.7368421
Sudan,Al Jazirah,8.052631
Sudan,Al Qadarif,1.1263158
Sudan,Blue Nile,2.5526316
Sudan,Central Darfur,0.0
Sudan,East Darfur,0.0
Sudan,Kassala,24.824562
Sudan,Khartoum,0.0
Sudan,North Darfur,0.0
Sudan,North Kurdufan,0.0
Sudan,Northern,0.0
Sudan,Red Sea,0.0
Sudan,River Nile,0.0
Sudan,Sennar,0.0877193
Sudan,South Darfur,0.0
Sudan,South Kurdufan,0.0
Sudan,West Darfur,0.0
Sudan,West Kurdufan,0.0
Sudan,White Nile,0.0
Suriname,Brokopondo,0.0
Suriname,Sipaliwini,0.0
Svalbard and Jan Mayen,Svalbard,0.0
Swaziland,Hhohho,0.92105263
Swaziland,Shiselweni,0.05263158
Sweden,Dalarna,0.0
Sweden,Gävleborg,0.0
Sweden,Halland,0.0
Sweden,Jämtland,0.0
Sweden,Jönköping,0.0
Sweden,Kalmar,0.0
Sweden,Kronoberg,0.0
Sweden,Norrbotten,0.0
Sweden,Orebro,0.0
Sweden,Skåne,0.0
Sweden,Stockholm,0.0
Sweden,Södermanland,0.0
Sweden,Uppsala,0.0
Sweden,Värmland,0.0
Sweden,Västerbotten,0.0
Sweden,Västernorrland,0.0
Sweden,Västmanland,0.0
Sweden,Västra Götaland,0.0
Switzerland,Bern,0.0
Switzerland,Graubünden,0.0
Switzerland,Vaud,0.0
Switzerland,Zürich,0.0
Syria,Al Ḥasakah,15.7894745
Syria,Aleppo,3.131579
Syria,Ar Raqqah,9.631579
Syria,Dar`a,123.73684
Syria,Dayr Az Zawr,0.868421
Syria,Hamah,12.539474
Syria,Hims,2.0
Syria,Rif Dimashq,51.473682
Taiwan,Taiwan,3.640351
Tajikistan,Districts of Republican Subordin,2.9210525
Tajikistan,Gorno-Badakhshan,0.74210525
Tajikistan,Khatlon,17.723682
Tajikistan,Sughd,93.63158
Tanzania,Arusha,0.0
Tanzania,Dodoma,0.0
Tanzania,Geita,0.0
Tanzania,Iringa,0.0
Tanzania,Kagera,0.0
Tanzania,Katavi,0.0
Tanzania,Kigoma,0.0
Tanzania,Kilimanjaro,7.2105265
Tanzania,Lindi,0.0
Tanzania,Manyara,0.16666667
Tanzania,Mara,0.0
Tanzania,Mbeya,0.59210527
Tanzania,Morogoro,0.0
Tanzania,Mtwara,0.0
Tanzania,Mwanza,0.0
Tanzania,Njombe,0.80263156
Tanzania,Pwani,0.0
Tanzania,Rukwa,0.0
Tanzania,Ruvuma,0.0
Tanzania,Shinyanga,0.0
Tanzania,Simiyu,0.0
Tanzania,Singida,0.0
Tanzania,Songwe,0.0
Tanzania,Tabora,0.0
Tanzania,Tanga,0.0
Thailand,Buri Ram,0.0
Thailand,Chachoengsao,0.10526316
Thailand,Chiang Mai,0.0
Thailand,Chiang Rai,0.0
Thailand,Chumphon,0.0
Thailand,Kalasin,0.0
Thailand,Kamphaeng Phet,16.421053
Thailand,Kanchanaburi,0.0
Thailand,Khon Kaen,0.0
Thailand,Lamphun,68.31579
Thailand,Loei,0.0
Thailand,Mae Hong Son,0.0
Thailand,Nakhon Ratchasima,4.105263
Thailand,Nakhon Sawan,12.131579
Thailand,Nakhon Si Thammarat,0.0
Thailand,Phayao,0.02631579
Thailand,Phetchabun,10.052631
Thailand,Phrae,33.026318
Thailand,Ratchaburi,17.526316
Thailand,Rayong,0.0
Thailand,Roi Et,0.0
Thailand,Sa Kaeo,0.0
Thailand,Sakon Nakhon,0.0
Thailand,Satun,0.0
Thailand,Sukhothai,24.026316
Thailand,Suphan Buri,22.710526
Thailand,Surat Thani,0.0
Thailand,Surin,0.0
Thailand,Tak,0.0
Thailand,Trat,0.0
Thailand,Ubon Ratchathani,0.0
Thailand,Udon Thani,0.0
Thailand,Yala,0.0
Timor-Leste,Bobonaro,1.7894737
Timor-Leste,Viqueque,37.657894
Togo,Centre,0.0
Togo,Kara,0.0
Togo,Plateaux,0.0
Togo,Savanes,0.0
Tunisia,Bizerte,44.57895
Tunisia,Gabès,1.8421053
Tunisia,Gafsa,2.0
Tunisia,Kairouan,71.710526
Tunisia,Kassérine,33.736843
Tunisia,Kebili,0.0
Tunisia,Le Kef,55.13158
Tunisia,Sfax,48.289474
Tunisia,Tataouine,0.0
Tunisia,Zaghouan,58.973682
Turkey,Adana,7.013158
Turkey,Afyon,8.342105
Turkey,Aksaray,20.078947
Turkey,Ankara,15.552631
Turkey,Antalya,14.850877
Turkey,Ardahan,0.0
Turkey,Balikesir,52.026318
Turkey,Batman,22.789474
Turkey,Bayburt,23.157894
Turkey,Bilecik,12.342105
Turkey,Bingöl,25.394737
Turkey,Bitlis,6.9473686
Turkey,Burdur,32.94737
Turkey,Bursa,58.92105
Turkey,Denizli,16.289474
Turkey,Diyarbakir,20.421053
Turkey,Düzce,4.894737
Turkey,Erzurum,45.710526
Turkey,Gaziantep,2.7105262
Turkey,Hatay,8.342105
Turkey,Isparta,12.184211
Turkey,Istanbul,92.052635
Turkey,Izmir,44.05263
Turkey,Iğdır,13.157895
Turkey,K. Maras,47.157894
Turkey,Karabük,0.7368421
Turkey,Karaman,35.289474
Turkey,Kars,8.763158
Turkey,Kastamonu,3.7368422
Turkey,Kayseri,36.763157
Turkey,Kinkkale,23.947369
Turkey,Kirklareli,0.0
Turkey,Kocaeli,7.5789475
Turkey,Konya,16.0
Turkey,Kütahya,16.736841
Turkey,Malatya,18.736841
Turkey,Manisa,39.526318
Turkey,Mardin,31.631578
Turkey,Mersin,14.736842
Turkey,Mugla,34.157894
Turkey,Mus,18.868422
Turkey,Nigde,25.842106
Turkey,Ordu,5.0789475
Turkey,Osmaniye,6.8157897
Turkey,Rize,0.0
Turkey,Samsun,11.868421
Turkey,Sanliurfa,13.407894
Turkey,Sinop,1.8421053
Turkey,Sirnak,20.578947
Turkey,Sivas,10.710526
Turkey,Tekirdag,0.0
Turkey,Tokat,27.736841
Turkey,Tunceli,19.552631
Turkey,Van,20.986841
Turkey,Yozgat,26.947369
Turkey,Çankiri,10.868421
Turkey,Çorum,7.0
Turkmenistan,Ahal,38.035088
Turkmenistan,Balkan,3.8618422
Turkmenistan,Daşoguz,23.019737
Turkmenistan,Lebap,7.950658
Turkmenistan,Mary,75.44408
Uganda,Apac,0.0
Uganda,Bugiri,0.0
Uganda,Bushenyi,0.0
Uganda,Hoima,0.0
Uganda,Kabale,0.0
Uganda,Kabarole,0.0
Uganda,Katakwi,0.0
Uganda,Kitgum,0.0
Uganda,Kotido,0.0
Uganda,Kumi,0.0
Uganda,Lake Victoria,0.0
Uganda,Mubende,0.0
Uganda,Nakasongola,0.0
Uganda,Nebbi,0.0
Uganda,Rakai,0.0
Uganda,Wakiso,0.0
Uganda,Yumbe,0.0
Ukraine,Cherkasy,0.0
Ukraine,Chernihiv,0.0
Ukraine,Crimea,12.54386
Ukraine,Dnipropetrovs'k,0.0
Ukraine,Donets'k,0.5394737
Ukraine,Ivano-Frankivs'k,0.0
Ukraine,Kharkiv,0.0
Ukraine,Kherson,0.0
Ukraine,Khmel'nyts'kyy,0.0
Ukraine,Kiev,0.0
Ukraine,Kirovohrad,0.0
Ukraine,L'viv,0.0
Ukraine,Luhans'k,0.0
Ukraine,Mykolayiv,0.0
Ukraine,Odessa,0.5350877
Ukraine,Poltava,0.0
Ukraine,Rivne,0.0
Ukraine,Sumy,0.0
Ukraine,Ternopil',0.0
Ukraine,Vinnytsya,0.0
Ukraine,Volyn,0.0
Ukraine,Zakarpattia,0.0
Ukraine,Zaporizhia,0.0
Ukraine,Zhytomyr,0.0
United Arab Emirates,Abu Dhabi,46.35965
United Arab Emirates,Dubai,71.39474
United Arab Emirates,Sharjah,82.552635
United Kingdom,England,0.0
United Kingdom,Northern Ireland,0.0
United Kingdom,Scotland,0.0
United Kingdom,Wales,0.0
United States,Alabama,0.0
United States,Alaska,0.0
United States,Arizona,17.021532
United States,Arkansas,0.0
United States,California,55.181202
United States,Colorado,22.604387
United States,Connecticut,0.0
United States,Florida,0.010526316
United States,Georgia,0.0
United States,Idaho,22.137121
United States,Illinois,2.3785424
United States,Indiana,0.0
United States,Iowa,0.0
United States,Kansas,9.388889
United States,Kentucky,0.0
United States,Louisiana,0.0
United States,Maine,0.0
United States,Massachusetts,0.0
United States,Michigan,0.0
United States,Minnesota,0.0
United States,Mississippi,0.0
United States,Missouri,0.0
United States,Montana,2.7997077
United States,Nebraska,10.486842
United States,Nevada,1.5808967
United States,New Hampshire,0.0
United States,New Jersey,0.0
United States,New Mexico,7.3856277
United States,New York,0.0
United States,North Carolina,0.004385965
United States,North Dakota,0.0
United States,Ohio,0.0
United States,Oklahoma,0.0
United States,Oregon,1.1004785
United States,Pennsylvania,0.0
United States,South Carolina,0.0
United States,South Dakota,0.0
United States,Tennessee,0.0
United States,Texas,14.580827
United States,Utah,16.81007
United States,Vermont,0.0
United States,Virginia,0.0
United States,Washington,1.6083592
United States,West Virginia,0.0
United States,Wisconsin,0.0
United States,Wyoming,3.8328946
Uruguay,Artigas,0.0
Uruguay,Canelones,0.0
Uruguay,Cerro Largo,0.0
Uruguay,Colonia,0.0
Uruguay,Durazno,0.0
Uruguay,Lavalleja,0.0
Uruguay,Rivera,0.05263158
Uruguay,Rocha,0.0
Uruguay,Río Negro,0.0
Uruguay,Salto,0.0
Uruguay,Soriano,0.0
Uruguay,Tacuarembó,0.0
Uzbekistan,Buxoro,26.701754
Uzbekistan,Jizzax,44.29825
Uzbekistan,Namangan,40.81579
Uzbekistan,Navoiy,7.6552634
Uzbekistan,Qaraqalpaqstan,2.2828948
Uzbekistan,Qashqadaryo,59.13158
Uzbekistan,Samarqand',70.42105
Uzbekistan,Surxondaryo,62.789474
Uzbekistan,Toshkent,29.802631
Vanuatu,Malampa,
Venezuela,Amazonas,0.0
Venezuela,Anzoátegui,0.0
Venezuela,Apure,0.0
Venezuela,Barinas,0.0
Venezuela,Bolívar,0.0
Venezuela,Cojedes,3.1052632
Venezuela,Delta Amacuro,0.0
Venezuela,Falcón,0.01754386
Venezuela,Guárico,3.451128
Venezuela,Lara,0.21052632
Venezuela,Monagas,0.0
Venezuela,Mérida,0.0
Venezuela,Portuguesa,0.0
Venezuela,Zulia,6.5657897
Vietnam,Bắc Giang,0.0
Vietnam,Cà Mau,8.236842
Vietnam,Gia Lai,65.39474
Vietnam,Hà Giang,0.42105263
Vietnam,Kiên Giang,0.0
Vietnam,Lai Châu,0.0
Vietnam,Long An,0.0
Vietnam,Lâm Đồng,0.0
Vietnam,Lạng Sơn,0.0
Vietnam,Nam Định,0.0
Vietnam,Nghệ An,0.05263158
Vietnam,Ninh Thuận,57.763157
Vietnam,Phú Thọ,0.0
Vietnam,Quảng Bình,0.31578946
Vietnam,Quảng Nam,0.0
Vietnam,Quảng Ngãi,25.447369
Vietnam,Quảng Ninh,0.0
Vietnam,Sơn La,0.0
Vietnam,Thanh Hóa,0.0
Vietnam,Thừa Thiên Huế,0.94736844
Vietnam,Trà Vinh,0.0
Vietnam,Tuyên Quang,0.0
Vietnam,Điện Biên,0.0
Vietnam,Đắk Lắk,57.42105
Vietnam,Đồng Nai,0.0
Western Sahara,Boujdour,0.0
Western Sahara,Es Semara,0.0
Western Sahara,Laayoune,0.0
Western Sahara,Oued el Dahab,0.0
Yemen,Abyan,14.526316
Yemen,Al Bayda',81.36842
Yemen,Al Jawf,19.631578
Yemen,Al Mahrah,8.473684
Yemen,Amran,180.01315
Yemen,Hadramawt,13.945176
Yemen,Lahij,28.842106
Yemen,Ma'rib,69.052635
Yemen,Raymah,133.89473
Yemen,Shabwah,1.9539473
Yemen,Ta`izz,76.26316
Zambia,Central,1.518797
Zambia,Copperbelt,0.0
Zambia,Eastern,0.0
Zambia,Luapula,0.0
Zambia,Lusaka,0.0
Zambia,Muchinga,0.0
Zambia,North-Western,0.0
Zambia,Northern,0.0
Zambia,Southern,0.3
Zambia,Western,0.0
Zimbabwe,Manicaland,0.03508772
Zimbabwe,Mashonaland Central,7.381579
Zimbabwe,Mashonaland East,0.0
Zimbabwe,Mashonaland West,3.105263
Zimbabwe,Masvingo,0.9736842
Zimbabwe,Matabeleland North,0.0
Zimbabwe,Matabeleland South,0.45394737
Zimbabwe,Midlands,0.0
