NAME_1,Average_UNSATISFIED_DAYS
Acre,0.0
Alagoas,0.0
Amapá,0.0
Amazonas,0.0
Bahia,0.041447368
Ceará,0.69736844
Distrito Federal,4.2105265
Espírito Santo,0.019736841
Goiás,0.7677345
Maranhão,0.0
Mato Grosso,0.0
Mato Grosso do Sul,0.060526315
Minas Gerais,0.010526316
Paraná,0.0
Paraíba,1.6140351
Pará,0.0
Pernambuco,2.7467105
Piauí,0.02493075
Rio Grande do Norte,0.1513158
Rio Grande do Sul,0.019138755
Rio de Janeiro,0.0
Rondônia,0.0
Roraima,0.0
Santa Catarina,0.0
Sergipe,0.0
São Paulo,0.18730651
Tocantins,0.0
