NAME_1,Average_UNSATISFIED_DAYS
Anhui,7.0657897
Beijing,47.973682
Chongqing,0.0
Fujian,0.03110048
Gansu,4.638158
Guangdong,0.054655872
Guangxi,0.0
Guizhou,0.0
Hainan,7.1578946
Hebei,50.570175
Heilongjiang,2.784325
Henan,21.870176
Hubei,0.10526316
Hunan,0.0
Jiangsu,17.678362
Jiangxi,0.0
Jilin,2.5433438
Liaoning,4.4254384
Nei Mongol,4.0162683
Ningxia Hui,1.0701755
Qinghai,0.0
Shaanxi,1.1578947
Shandong,63.861843
Shanxi,21.44035
Sichuan,0.0020775623
Tianjin,65.51315
Xinjiang Uygur,10.8277025
Xizang,0.0
Yunnan,0.47459164
Zhejiang,0.0
