NAME_1,Average_UNSATISFIED_DAYS
Andaman and Nicobar,
Andhra Pradesh,90.39474
Arunachal Pradesh,0.0
Assam,0.0
Bihar,23.0
Chhattisgarh,42.637424
Gujarat,70.6417
Haryana,96.2193
Himachal Pradesh,3.008772
Jharkhand,6.9342103
Karnataka,122.22369
Kerala,76.59649
Madhya Pradesh,68.41263
Maharashtra,107.85927
Manipur,0.25
Mizoram,0.0
Nagaland,0.0877193
Odisha,47.504383
Punjab,42.657894
Rajasthan,43.587044
Sikkim,0.0
Tamil Nadu,80.751465
Telangana,98.67763
Uttar Pradesh,53.172516
Uttarakhand,13.994738
West Bengal,2.8070176
