NAME_1,Average_UNSATISFIED_DAYS
Aceh,0.0
Bangka Belitung,0.0
Banten,0.18421052
Bengkulu,0.013157895
Jambi,0.0
Jawa Barat,4.1842103
Jawa Tengah,16.052631
Jawa Timur,21.857895
Kalimantan Barat,0.0
Kalimantan Selatan,0.0
Kalimantan Tengah,0.0
Kalimantan Timur,0.0
Kalimantan Utara,0.0
Kepulauan Riau,
Lampung,0.0
Maluku,0.0
Maluku Utara,
Nusa Tenggara Barat,13.473684
Nusa Tenggara Timur,4.2105265
Papua,0.0
Papua Barat,0.0
Riau,0.0
Sulawesi Selatan,0.2763158
Sulawesi Tengah,0.15789473
Sulawesi Tenggara,0.75
Sulawesi Utara,0.0
Sumatera Barat,0.0
Sumatera Selatan,0.0
Sumatera Utara,0.0
