NAME_1,Average_UNSATISFIED_DAYS
Ardebil,49.605263
Bushehr,21.210526
Chahar Mahall and Bakhtiari,21.210526
East Azarbaijan,62.76316
Esfahan,95.925835
Fars,55.48947
Gilan,3.1973684
Golestan,74.789474
Hamadan,89.14474
Hormozgan,16.298246
Ilam,7.157895
Kerman,73.789474
Kermanshah,88.4079
Khuzestan,28.589474
Kordestan,99.63816
Lorestan,71.42105
Markazi,74.710526
Mazandaran,26.921053
North Khorasan,36.0
Qazvin,46.0
Razavi Khorasan,102.502396
Semnan,11.625
Sistan and Baluchestan,22.672066
South Khorasan,43.894737
Tehran,86.13158
West Azarbaijan,51.41228
Yazd,33.689476
Zanjan,64.36842
