NAME_1,Average_UNSATISFIED_DAYS
Aguascalientes,100.18421
Baja California,35.2594
Baja California Sur,27.907892
Campeche,0.013157895
Chiapas,0.0
Chihuahua,18.400276
Coahuila,6.348178
Colima,103.42105
Durango,14.230263
Guanajuato,64.508766
Guerrero,17.815788
Hidalgo,56.736843
Jalisco,43.86316
Michoacán,47.256577
México,70.5
Nayarit,41.368423
Nuevo León,14.178947
Oaxaca,2.6736841
Puebla,16.298246
Querétaro,56.157894
Quintana Roo,0.0
San Luis Potosí,14.468422
Sinaloa,59.6
Sonora,16.710527
Tabasco,0.0
Tamaulipas,32.605263
Veracruz,0.0
Yucatán,0.0
Zacatecas,20.030703
