NAME_1,Average_UNSATISFIED_DAYS
Altay,0.0
Amur,0.0
Arkhangel'sk,0.0
Astrakhan',0.0
Bashkortostan,1.7091411
Belgorod,2.0197368
Bryansk,0.0
Buryat,0.0
Chechnya,0.0
Chelyabinsk,15.163157
Chukot,0.0
Chuvash,0.0
City of St. Petersburg,0.0
Dagestan,0.31578946
Gorno-Altay,0.0
Ingush,0.0
Irkutsk,0.0
Ivanovo,0.0
Kaliningrad,0.0
Kalmyk,0.0
Kaluga,0.0
Kamchatka,0.008913412
Karachay-Cherkess,0.0
Karelia,0.0
Kemerovo,0.25657895
Khabarovsk,0.0
Khakass,0.0
Khanty-Mansiy,0.0
Kirov,0.0
Komi,0.0
Kostroma,0.0
Krasnodar,0.0
Krasnoyarsk,0.0
Kurgan,0.0
Kursk,2.4144738
Leningrad,0.0
Lipetsk,0.0
Magadan,0.0024291498
Mariy-El,0.0
Mordovia,0.4210526
Moskva,0.0
Murmansk,0.0
Nenets,0.0
Nizhegorod,0.0
North Ossetia,0.0
Novgorod,0.0
Novosibirsk,0.0
Omsk,0.031855956
Orel,0.3508772
Orenburg,0.1
Penza,0.15789475
Perm',0.0
Primor'ye,0.029411765
Pskov,0.0
Rostov,0.0
Ryazan',0.0
Sakha,0.0
Sakhalin,0.0
Samara,0.0
Saratov,0.39234447
Smolensk,0.0
Stavropol',0.70394737
Sverdlovsk,7.5852633
Tambov,0.0065789474
Tatarstan,0.0
Tomsk,0.0
Tula,0.0
Tuva,0.0
Tver',0.0
Tyumen',0.0
Udmurt,0.0
Ul'yanovsk,0.0
Vladimir,0.0
Volgograd,0.043062203
Vologda,0.0
Voronezh,0.0
Yamal-Nenets,0.0
Yaroslavl',0.0
Yevrey,0.0
Zabaykal'ye,0.14070891
