NAME_1,Average_UNSATISFIED_DAYS
Buri Ram,0.0
Chachoengsao,0.10526316
Chiang Mai,0.0
Chiang Rai,0.0
Chumphon,0.0
Kalasin,0.0
Kamphaeng Phet,16.421053
Kanchanaburi,0.0
Khon Kaen,0.0
Lamphun,68.31579
Loei,0.0
Mae Hong Son,0.0
Nakhon Ratchasima,4.105263
Nakhon Sawan,12.131579
Nakhon Si Thammarat,0.0
Phayao,0.02631579
Phetchabun,10.052631
Phrae,33.026318
Ratchaburi,17.526316
Rayong,0.0
Roi Et,0.0
Sa Kaeo,0.0
Sakon Nakhon,0.0
Satun,0.0
Sukhothai,24.026316
Suphan Buri,22.710526
Surat Thani,0.0
Surin,0.0
Tak,0.0
Trat,0.0
Ubon Ratchathani,0.0
Udon Thani,0.0
Yala,0.0
