NAME_1,Average_UNSATISFIED_DAYS
Adana,7.013158
Afyon,8.342105
Aksaray,20.078947
Ankara,15.552631
Antalya,14.850877
Ardahan,0.0
Balikesir,52.026318
Batman,22.789474
Bayburt,23.157894
Bilecik,12.342105
Bingöl,25.394737
Bitlis,6.9473686
Burdur,32.94737
Bursa,58.92105
Denizli,16.289474
Diyarbakir,20.421053
Düzce,4.894737
Erzurum,45.710526
Gaziantep,2.7105262
Hatay,8.342105
Isparta,12.184211
Istanbul,92.052635
Izmir,44.05263
Iğdır,13.157895
K. Maras,47.157894
Karabük,0.7368421
Karaman,35.289474
Kars,8.763158
Kastamonu,3.7368422
Kayseri,36.763157
Kinkkale,23.947369
Kirklareli,0.0
Kocaeli,7.5789475
Konya,16.0
Kütahya,16.736841
Malatya,18.736841
Manisa,39.526318
Mardin,31.631578
Mersin,14.736842
Mugla,34.157894
Mus,18.868422
Nigde,25.842106
Ordu,5.0789475
Osmaniye,6.8157897
Rize,0.0
Samsun,11.868421
Sanliurfa,13.407894
Sinop,1.8421053
Sirnak,20.578947
Sivas,10.710526
Tekirdag,0.0
Tokat,27.736841
Tunceli,19.552631
Van,20.986841
Yozgat,26.947369
Çankiri,10.868421
Çorum,7.0
