NAME_1,Average_UNSATISFIED_DAYS
Alabama,0.0
Alaska,0.0
Arizona,17.021532
Arkansas,0.0
California,55.181202
Colorado,22.604387
Connecticut,0.0
Florida,0.010526316
Georgia,0.0
Idaho,22.137121
Illinois,2.3785424
Indiana,0.0
Iowa,0.0
Kansas,9.388889
Kentucky,0.0
Louisiana,0.0
Maine,0.0
Massachusetts,0.0
Michigan,0.0
Minnesota,0.0
Mississippi,0.0
Missouri,0.0
Montana,2.7997077
Nebraska,10.486842
Nevada,1.5808967
New Hampshire,0.0
New Jersey,0.0
New Mexico,7.3856277
New York,0.0
North Carolina,0.004385965
North Dakota,0.0
Ohio,0.0
Oklahoma,0.0
Oregon,1.1004785
Pennsylvania,0.0
South Carolina,0.0
South Dakota,0.0
Tennessee,0.0
Texas,14.580827
Utah,16.81007
Vermont,0.0
Virginia,0.0
Washington,1.6083592
West Virginia,0.0
Wisconsin,0.0
Wyoming,3.8328946
